"Vehicle Make",Count
honda,39085
toyota,35916
ford,34075
nissan,29684
chevrolet,21299
jeep,14955
subaru,14476
hyundai,13060
dodge,8768
bmw,7680
acura,7073
kia,6738
mazda,6178
gmc,6126
volkswagen,5645
lexus,4928
audi,4775
hond,4666
chev,3843
volvo,3582
mercedes-benz,3521
niss,3500
infiniti,3438
toyt,3239
buick,3203
chrysler,3099
suba,2233
cadillac,1970
mitsubishi,1911
toyo,1884
ram,1829
hyun,1814
chevy,1689
lincoln,1439
dodg,1351
mercury,1226
saturn,1221
freightliner,1199
volk,1116
pontiac,1108
frht,1044
mercedesbenz,837
international,827
landrover,813
mercedes,788
mazd,770
volkswagon,751
volv,737
acur,712
suzuki,677
saab,597
mack,593
mini,580
isuzu,556
newflyer,536
merc,526
hino,501
chry,490
bavarianmotorworks,490
generalmotorscorp,480
kenworth,442
unk,438
kw,420
harley-davidson,420
porsche,411
merz,402
buic,397
ptrb,396
intl,369
infi,366
jaguar,336
peterbilt,335
oldsmobile,322
cadi,320
infinity,304
other,301
yamaha,281
tesla,281
mits,280
vw,269
iccorporation,254
lexs,247
lexu,244
frt,244
thomas,228
linc,198
pont,197
chevr,190
volks,182
fiat,171
hyund,171
kawasaki,159
toy,153
harleydavidson,147
bluebird,137
int,132
toyot,126
jeep(after1988),124
hummer,121
freight,121
hd,117
evading,113
icco,108
peterbuilt,107
strn,107
fre,106
land,104
nissa,102
kiamotorcompa,100
subar,97
ftl,96
geo,95
grumman,93
ken,85
thoma,85
plymouth,83
hyundia,82
freightlinerco,75
hon,74
mitsubishifuso,73
freightlin,73
sterling,72
alfaromeo,70
maserati,69
inter,67
harl,66
suzi,66
saa,66
gillig,66
internationalharvester,65
lndr,64
satu,63
cheverolet,61
pors,61
hyundi,61
sub,60
merce,60
mac,58
vol,57
frei,56
pierce,56
evaded,55
olds,54
ic,54
unkown,54
vpg,52
scion,52
taotao,51
trek,50
isu,50
for,49
nova,47
mercedez,47
chrys,46
yama,46
hyu,46
infin,46
mitsu,45
nis,45
integratedcoach(ic),44
internationalh,44
n/a,44
freig,44
johndeere,41
sutphen,39
pete,38
mci,38
oth,38
mnni,38
wstr,37
internatio,36
bmw(germany),36
suzu,36
kenw,35
chevorlet,35
lex,34
inte,34
frg,34
suburu,33
jee,33
jagu,33
triumph,32
harley,32
minicooper,32
cadilac,31
westernstar,31
gm,30
genesis,30
frtl,30
smart,29
workhorse,28
mini(cooper/co,28
polaris,28
mb,28
hin,27
generalmotors,27
thms,27
uknown,26
vlv,26
peter,26
tesl,26
nissandiesel,26
kenworthnorthw,26
che,25
frh,25
cadil,25
ster,24
teslamotors,24
bicycle,23
rangerover,23
blue,22
alfa,22
huffy,22
mongoose,22
specialized,21
gill,21
cannondale,21
icebear,21
frght,21
nova60',20
peterbuiltmoto,20
kawk,20
nissian,20
kiamotorscorporation,20
bus,20
ihc,20
oshkosh,19
cad,19
kiamotorscorp,19
freightlinercorp.,19
mercedesb,19
acu,18
grummanallied,18
aud,18
thom,18
donu,18
schwinn,17
linco,17
spartan,17
evadingvehicle,17
moped,17
isuz,17
caterpillar,17
ktm,17
pet,17
chrystler,16
frghtlnr,16
thomasbuilt,16
hyunda,16
greatdane,16
scooter,16
wolf,16
ramb,16
autocarllc,16
macktrucks,16
cam,16
giant,16
gilli,15
min,15
unkn,15
cat,15
toyta,15
seagrave,15
infinti,15
ducati,15
icc,15
maz,14
generalmotorscorp.,14
smeal,14
toyoya,14
frieghtliner,14
oshk,14
kenwo,14
volkwagon,13
cheverlot,13
dod,13
johndeer,13
vip,13
ptrblt,12
e-one,12
gdan,12
inf,12
chevrole,12
plym,12
victory,12
mercedezbenz,12
vanh,12
uhaul,12
tao,12
internat,12
ptr,11
humm,11
elgin,11
porsc,11
dieseltransit,11
ot,11
perterbuilt,11
ptb,11
newflyerbus,11
pbt,11
cooper,11
none,11
util,11
totota,11
dodgeram,11
van,11
blub,11
hytr,11
utility,11
mck,11
saturncorporat,11
fl,10
volkswag,10
ponti,10
diamondback,10
kawa,10
bintelli,10
mit,10
newf,10
toytoa,10
fvci,10
triu,10
bobcat,10
bigte,10
prevost,10
volkwagen,10
kymco,10
mcin,10
kubota,10
scio,9
gruman,9
chr,9
nfxd40,9
wanc,9
frieght,9
2014,9
hundai,9
rambler,9
americanmotors,9
autocar,9
nova60,9
flr,9
internatin,9
mase,9
kia.,8
hyudai,8
cp,8
bmx,8
specializedvehicleseetcicm,8
advancemixer,8
frgh,8
chevrolete,8
engf,8
chevey,8
auto,8
ram.,8
taizhou,8
wabash,8
bmw.,8
llv,8
prev,8
usps,8
roadmaster,7
ferrari,7
peterbiltmotorsco.,7
hona,7
na,7
bigtex,7
unknow,7
porche,7
nisan,7
orion,7
stri,7
u,7
schoolbus,7
mazada,7
toytota,7
autoc,7
marion,7
mailtruck,7
carry,7
thomasbuiltbu,7
lin,7
raleigh,7
gmc.,7
novabus,7
frhtlnr,7
frgt,7
merced,7
wes,7
ste,7
bentley,6
satur,6
taotaoscooter,6
ferrara,6
mercbenz,6
telsa,6
fleet,6
transitbus,6
nisssan,6
preo,6
kenwood,6
homemade,6
chysler,6
unknwon,6
chyrsler,6
hynd,6
hyndai,6
llv-a,6
trai,6
amer,6
trailer,6
eagle,6
indian,6
collins,6
eagerbeaver,6
hyd,6
hyunday,6
infinty,6
ccc,5
mercu,5
buell,5
can-am,5
spconstr,5
eldorado,5
novahybrid,5
intern,5
kovatch,5
homem,5
cranecarrier,5
indianmotorcyc,5
heil,5
pb,5
doge,5
jag,5
subura,5
chev.,5
mercedez-benz,5
hme,5
internationalcoachmfg.,5
husqvarna,5
bui,5
hinotruck,5
flt,5
rover,5
crysler,5
bluesilver,5
vespa,5
west,5
genuine,5
harle,5
suv,5
volswagon,5
2016,5
sabaru,5
mbenz,5
frightliner,5
volswagen,5
ferrera,5
infinite,5
trim,5
strg,5
fuji,5
infinit,5
compo,4
hybrid,4
newholland,4
grum,4
hondaaccord,4
midbus,4
dirtbike,4
kaufm,4
poniac,4
pblt,4
vnhl,4
mobil,4
white,4
hyuandai,4
unk.,4
workh,4
subuaru,4
lincon,4
pola,4
next,4
chrsyler,4
porshe,4
lnd,4
utilitytrailer,4
2010,4
hyuandi,4
lotus,4
mitsubushi,4
johnd,4
adly,4
forestriver,4
izuzu,4
nwfl,4
bigt,4
landollcorp,4
western,4
caddilac,4
atv,4
zhejiang,4
taizhouzhongneng,4
daewoo,4
peterbuil,4
fona,4
fhrt,4
2006,4
tt,4
porsch,4
zhng,4
civic,4
winn,4
timp,4
por,4
freighliner,4
subr,4
kme,4
jagua,4
kent,4
jamis,4
aprilia,4
2008,4
deere,4
kauf,4
navistar,4
ud,4
suret,4
firetruck,4
sure-trac,4
stou,4
internati,4
sterl,3
hendrickson,3
fruehauf,3
ukn,3
rollsroyce,3
nf,3
wab,3
east,3
hinda,3
waba,3
indianmotorcycleco.,3
iccorp,3
knwr,3
camry,3
emergencyone,3
freightl,3
jiangsu,3
carmate,3
grea,3
freightline,3
bucik,3
unkwn,3
fright,3
sabb,3
vcty,3
haul,3
whit,3
mitzubishi,3
loadrite,3
ezgo,3
grumam,3
2013,3
glava,3
lotu,3
maser,3
2015,3
nissandieselm,3
stao,3
unknwn,3
vehicleevaded,3
postaltruck,3
hyosung,3
clubcar,3
ventu,3
hund,3
cherolet,3
freigh,3
toty,3
kentworth,3
yongfu,3
frtlin,3
carma,3
mercades,3
gili,3
thomasbuiltbuses,3
towmaster,3
kw.v,3
me/be,3
gene,3
vehicle,3
piaggio,3
facelvega,3
porsce,3
trailmtrucks,3
altima,3
tao-tao,3
internationa,3
dogde,3
greatdanetrai,3
new,3
eager,3
mitshubishi,3
thomaston,3
toyto,3
frue,3
western-st,3
mg,3
whitegmc,3
hyn,3
malibu,3
phnx,3
jepp,3
vict,3
astonmartin,3
newflyerofamerica,3
cimc,3
belmont,3
stricktrailers,3
pjtrailermfg,3
nfly,3
huyndai,3
knw,3
buik,3
freightlr,3
hm,3
humr,3
yamah,3
motorcoach,3
bomag,3
cherv,3
cadilliac,3
viking,3
ssr,3
2003,3
yukon,3
fgt,3
kiamotorcompany,3
citybus,3
kenilworth,3
sedan,3
madza,3
accura,3
grummon,3
mer,3
vanhool,3
cttransit,3
work,3
athey,3
talberttrailer,3
kawaski,3
stlg,3
farm,2
lexsus,2
mecedes,2
aura,2
volo,2
americanhauler,2
homemadetrailer,2
ind,2
me,2
llva,2
hackn,2
jeeo,2
grd,2
mv1,2
trailking,2
zhejiangqianjiangmotorcycle,2
gtd,2
lr,2
benz,2
shimano,2
felt,2
str,2
"internationalindustries,inc.",2
lexux,2
blu,2
mercede,2
oldsm,2
dattco,2
newflyeramerica,2
wst,2
ccclbt-46,2
mtsbshi,2
brima,2
maxum,2
linclon,2
heilco,2
leeboy,2
bandit,2
tract,2
znen,2
gilling,2
ktmmotorcycle,2
chevrolette,2
volco,2
suzki,2
supr,2
buel,2
icco.,2
national,2
chrylser,2
commutervehiclesinc,2
forester,2
grand,2
hudson,2
tractortrailer,2
grummin,2
e-ton,2
skidoo,2
manac,2
fcausllc,2
kenworthtracto,2
ac,2
crystler,2
kenwor,2
cott,2
stephen,2
spec,2
seagr,2
roughhouse,2
subn,2
gt,2
hillman,2
karavan,2
fia,2
kenwrth,2
hyper,2
focus,2
newfyer,2
daimler,2
lodal,2
vento,2
rogersbrothers,2
frl,2
wabashnational,2
emergency1,2
mazda3,2
motorcycle,2
honds,2
tractor,2
gru,2
cehvrolet,2
2017,2
lexas,2
eage,2
jdee,2
/intl,2
tran,2
black,2
garyfisher,2
jlg,2
thomahawk,2
westernstar/au,2
"chevrolet
",2
fabrique,2
aveo,2
hyunadi,2
ford*,2
cross,2
volkswaggon,2
manco,2
evade,2
mciallison,2
peterbiltmotor,2
plymo,2
new-flyer,2
minni,2
cadiliac,2
sptn,2
dcxsprinter,2
honfa,2
niisan,2
font,2
trailmobile,2
triumphmotorcy,2
toyotascion,2
volkswgn,2
trium,2
subary,2
wils,2
pj,2
dor,2
1994,2
lccorporation,2
newfler,2
durastar,2
daix,2
adva,2
terexadvancem,2
eone,2
zhejiangtaotao,2
jep,2
karav,2
lbt,2
onda,2
fleetwood,2
tsm,2
mitubishi,2
hyandai,2
peterb,2
thor,2
seagraves,2
caddillac,2
rec,2
truck,2
coachbus,2
internation,2
motobecane,2
checy,2
freig.,2
solana,2
terex,2
freit,2
ic-co,2
franklin,2
"macktrucks,inc",2
merc-benz,2
saf,2
sunny,2
suretrac,2
sunl,2
cttransitbus,2
mistubishi,2
transit,2
hind,2
imperial,2
feightliner,2
amgeneral,2
trito,2
grumanallied,2
kentucky,2
postal,2
nishiki,2
kawasaki(japan),2
eton,2
evadedresponsibility,2
kiamotorscorp.,2
chryler,2
komatsu,2
utili,2
proline,2
"macktrucks,inc.",2
cranb,2
caterpiller,2
classicmotorcarriagesinc,2
bigtx,2
kenmore,2
ct,2
shore,2
mitsubshi,2
we,2
hnda,2
nuva,2
mustang,2
acrua,2
hd.,2
escalade,2
bmc,2
interna,2
pinerello,2
mclaren,2
evadingmv,2
razor,2
triton,2
lamborghini,2
checker,2
internationalharvesterco.,2
coleman,2
sym,2
transcraft,2
huyn,2
boxtruck,2
subraru,2
great,2
coolster,2
unk`,2
engineusewhenmakenotliste,2
track,2
volkswagan,2
mimi,2
toyoto,2
unkknown,2
bent,2
2011,2
pontc,2
pacea,2
2012,2
suzuk,2
mackmotors,2
duca,2
frie,2
toro,2
cervelo,2
motorcycles,2
nisaan,2
harleydav,2
kenworthtruck,2
range,2
mazd-mz3,2
lance,2
se,2
case,2
rocket,2
grumman-olsen/grummanmotor,2
falcon,2
ameri,2
chryl,1
vov,1
setr,1
vntc,1
chevolet,1
friegghtliner,1
1998,1
tlawd,1
perg,1
newfyler,1
monac,1
shoreline,1
walker,1
canyon,1
ink,1
americanlafran,1
wayf,1
kestrel,1
hondda,1
genuinescooterco.,1
infinitti,1
chevroletexpress,1
volvoxc90,1
cehvrole,1
porsh,1
20-32873,1
pinarello,1
deisel/electrichybridt,1
masurati,1
redstreak,1
frieghliner,1
hudsonbrostrailermfginc,1
250,1
fleetauto,1
thomasbuiltbus,1
kis,1
subaroutbck,1
hoinda,1
evadedatv,1
ferarra,1
dogge,1
stratford,1
chongqing,1
taizhouzhongengmotorcycleco,1
cottrell,1
texaspride,1
dot,1
fritlnr,1
nissanorimpala,1
20-1396,1
holi,1
trk,1
savana,1
pacearrow,1
19-117995,1
escor,1
chystler,1
19-60047,1
crane,1
phoen,1
kovatchmobileequipment,1
toyota/camry,1
tomas,1
pa,1
fore,1
frgthlnr,1
humme,1
cr-vse,1
clark,1
gmv,1
yahama,1
yongfumachine,1
mitsu.,1
peterbuit,1
wolkswgen,1
seadoo,1
austn,1
forc,1
humvee,1
cate,1
okh,1
topli,1
publicworkstr,1
tautau,1
box,1
cobra,1
guru,1
linhai,1
1965445,1
cevy,1
hmade,1
lenco,1
kaiser,1
freightlie,1
acurta,1
36166,1
ford(marshalls),1
avanti,1
corolla,1
possibleinfinity,1
gillis,1
shangaimeitian,1
mountain,1
allstar,1
trail,1
1900288464,1
cn19-40060,1
shark,1
cottr,1
butlercons.,1
hohda,1
belmo,1
/hytr,1
moped50cc,1
felli,1
jayco,1
felling,1
golfcart,1
fordf350,1
custo,1
moto-guzzi,1
hardrock,1
genuinescooterco,1
downe,1
mazda`,1
zummer,1
av44316,1
outlander,1
wolftaizhou,1
subuar,1
bluesilver40'd,1
maxon,1
stanley,1
deiseltransit,1
volks.,1
yz,1
neon,1
freghtliner,1
cttransitpublicbus,1
toyotoa,1
datsun,1
take,1
iccorp.international,1
tesler,1
grumer,1
cm,1
19-30494,1
19-72767,1
hom,1
victim,1
gensis,1
uscar,1
freg,1
ezpeadler,1
tiff,1
mercedew,1
volswagaon,1
4wheeatv,1
dmndbck,1
chavr,1
dresser,1
nisnan,1
any,1
chy,1
xd40,1
wabashnationalcorporation,1
19-112648,1
fireapparatus,1
lexxus,1
bul,1
rampmaster,1
summit,1
1cco,1
abar,1
subu,1
1n4al3ap6hn365652,1
jay,1
palme,1
merceds-ben,1
a&btrailermfgcoinc,1
ptblt,1
bmq,1
intl4300,1
ottawa,1
ferraria,1
apollo,1
ustanker,1
custom,1
chex,1
yam,1
winnebago,1
jeepo,1
mercees,1
mittsubishi,1
mercury(seemercurymarine),1
marquis,1
landrvr,1
frhtlr,1
noway,1
kawisaki,1
crown,1
toyoa,1
jlgindustry,1
suabru,1
oldsmobil,1
xpro,1
novae,1
raleighc30,1
intiniti,1
grummen,1
aj32806,1
jyoc,1
aera,1
19-11059,1
evadvehicle,1
palo,1
midbu,1
freightvehicle,1
mitszubishi,1
bravo,1
misubishi,1
lexis,1
metro,1
mitsubishii,1
bauer,1
alleg,1
f550,1
weststr,1
abarth,1
50ccscooter,1
xx,1
glide,1
vermeer,1
trlr,1
fourw,1
subaro,1
"kia
",1
kenworthmotortruckco,1
meredes,1
suz,1
alfaromero,1
2115,1
intrnl,1
neoextreme,1
dcx,1
championtrailers,1
isuzi,1
kamatsu,1
lotr,1
pines,1
lbtinc,1
yoyot,1
toatoa,1
vipfuturecham,1
forde450,1
taky,1
40newflyer,1
mercede\sbenz,1
cherverlot,1
leach,1
q,1
125232,1
fort,1
dyamo,1
.frht,1
huyundai,1
19-86011,1
haulmarkind,1
/gdan,1
burgman,1
aut,1
19-5565,1
brind,1
wv,1
whitemotorcor,1
cnerv,1
20-17799,1
yamha,1
sebigripper29,1
ubran,1
18-109838,1
outback,1
federalpostal,1
alum,1
smartcar,1
mitsub.,1
argo,1
peacesports,1
charmer,1
frtlnr,1
sienna,1
icbuscorporation,1
lvfk,1
girardin,1
hondaodyssey,1
izusu,1
28078,1
newflyerdxe40,1
internl,1
optima,1
skytrak,1
granitepeak,1
hyind,1
2,1
19-117658,1
parlee,1
kaufmantrailer,1
thomasbus,1
liberty,1
vokswagon,1
hhonda,1
look,1
load,1
star,1
frln,1
engine2,1
mci45',1
porscha,1
motorscooter,1
leike,1
bett,1
holr,1
fontainetrailerco,1
btelli,1
alpharomeo,1
jcd,1
kenworthnorthwest,1
hnd,1
easton,1
autocar1,1
19-5480,1
countrycoach,1
venus,1
mobilsweeper,1
customrescue,1
2001,1
19-17238,1
nova06',1
rossenbauer,1
dutx,1
reitnouer,1
nissas,1
hn,1
bianchi,1
trave,1
dors,1
inifiti,1
bin,1
berkshire,1
piper,1
vipscooter,1
aston,1
icbusllc,1
pacific,1
lndrvr,1
landcruiser,1
monaco,1
19-52992,1
kvt,1
ar,1
mercedesbens,1
american,1
bashan,1
15lm90aw,1
19-25953,1
20-53643,1
canam,1
bluesilver40',1
fordf150,1
sirrus,1
fnm,1
744slz,1
toyato,1
unnown,1
pjtr,1
mercendes-benz,1
jmh,1
volve,1
bw,1
20-38535,1
80249,1
subaruxv,1
electrox,1
penske,1
flagstaff,1
chvy,1
bm,1
inter.,1
pace,1
saturncorp,1
bently,1
crosscountry,1
niag,1
19-103352,1
bigblue,1
accur,1
marmon,1
kawas,1
others,1
wgmc,1
baccio,1
coat,1
mona,1
19-6705,1
weste,1
grdn,1
novabuses,1
nfxde40,1
postaldelivery,1
featherlitemfginc,1
promaster,1
gruman-chev,1
towm,1
freightlingeer,1
1900541432,1
jeep-wrangler,1
mistsubishi,1
fordtransitglava,1
taylormachine,1
isuzo,1
ftln,1
mini-cooper,1
sat,1
peterbui,1
citizen2,1
masseyfergusen,1
lincone,1
oshko,1
inifinity,1
mci45diesel,1
frig,1
wacker,1
nowa,1
worktruck,1
19-99460,1
mitsubitshi,1
cams,1
tyoyta,1
pandh,1
velocity,1
2020,1
prrb,1
grumman-olsen,1
mcinbus,1
electric,1
unitcrane&shovelcorp.,1
rsport,1
pier,1
2000352195,1
bbrd,1
xtreme,1
taotao50,1
wstar,1
huyundia,1
nin,1
berks,1
mtc,1
kaufman,1
jinlun,1
tidewater,1
kwk,1
utilitytrlr,1
chevrolt,1
1969093,1
honda/toyota,1
indi,1
pike,1
lo/ma,1
possiblenissan,1
canopus,1
dynapac,1
porsche.,1
roketa,1
huzhou,1
kinger,1
jonwa,1
rajys,1
ironhorse,1
subrau,1
05.v,1
mcpr,1
20-85854,1
ambulance,1
fordf250,1
perdformance,1
sp,1
mitsbushi,1
kmefire,1
acua,1
homemademotorcycle,1
senata,1
cheverolt,1
chevrolet2013,1
npr,1
jeepcherokee,1
20-46642,1
"greatdanetrailers,inc.",1
toy?nis?,1
toyotta,1
sanyang,1
wells,1
woodm,1
pbrt,1
icbus,1
merfcury,1
john,1
559494b,1
wesrt,1
belmn,1
equinox,1
sci,1
sukuzi,1
mana,1
mercesdes,1
levus,1
transtech,1
stuphen,1
landroverrangerover,1
totoyta,1
hondaoracura,1
jetta,1
supe,1
dynacraft,1
nutmeginternat,1
craftsman,1
volkswagoon,1
semi-trailer,1
peterson,1
wanger,1
ut,1
cityofstamford,1
vanguard,1
duc,1
intnl,1
streetsweeper,1
20-36742,1
tk,1
ural,1
peterbilt?,1
isz,1
genes,1
kpmini,1
bedford,1
reit,1
maxxforce,1
avigo,1
lifan,1
hno,1
unkowm,1
ferra,1
chev/ford,1
diesal,1
hei,1
kymoto,1
tz,1
international7500,1
specialize,1
uhaultruck,1
hyubdai,1
xtrial-jamis,1
collinsbus,1
evade20-0582,1
hynundai,1
mheb,1
mountaintrack,1
20-50331,1
19-10647,1
fleetautomatic,1
19-61544,1
al/ro,1
whg,1
busmciallison,1
sutphencorp,1
liincoln,1
taotaoso,1
mobiletech,1
wsr,1
prce,1
apol,1
tuscan,1
xdc40,1
sthl,1
sts,1
taio,1
masarati,1
1900012818,1
dats,1
ki/mo,1
su,1
toyoota,1
pickup,1
ttoyota,1
ncura,1
stoughtovan,1
butle,1
toyiota,1
crownvic,1
dealer,1
backhoe/construc.equip.,1
landrove,1
1900091366,1
handa,1
mazerati,1
trmph,1
un,1
scattante,1
smealapparatus,1
durango,1
3600,1
1915384,1
toyoyta,1
chevyexpress,1
mecury,1
westfuel,1
toyota/matrix,1
trailstar,1
19-129192,1
autocarac,1
chvey,1
honeystar,1
evadeing,1
06.v,1
unitedstatespostal,1
navistarinternational,1
possiblynissan,1
kids,1
20-40927,1
tec,1
ftl(cocacola),1
melroetractor,1
iszuzu,1
litespeed,1
streetbike,1
nabi,1
suzukipickuptruck,1
thomasbuiltbusesinc,1
supthem,1
ferris,1
freughtliner,1
19-131196,1
workvan,1
thumpstar,1
20-74399,1
holidayrambler,1
20-11357,1
nfxd40',1
ford(english),1
internationalcoachmfg,1
ups,1
toyouta,1
claas,1
usarmy,1
volkswago,1
volkswagwn,1
donf,1
hevy,1
gotrax,1
77898,1
fores,1
chrya,1
cakil,1
chervolet,1
carryontraile,1
stl,1
ptl,1
hondq,1
19-117693,1
kar,1
bentelli,1
maine,1
isuzutruck,1
cattapillar,1
fedex,1
petrb,1
gmg,1
rov,1
2007,1
trv,1
totoya,1
int'l,1
tmc,1
20-79996,1
lccorp,1
avant,1
ferr,1
gvwr,1
jlgindustries,1
zepher,1
puegot,1
nissn,1
mitsuishi,1
nternational,1
towntruck,1
18-116553,1
smar,1
mozda,1
freghtln,1
mercedes.,1
fiar,1
hyand,1
mv-1,1
mtrhm,1
alan,1
luster,1
entg,1
frtlner,1
lexucs,1
20-14882,1
audia4,1
oldsmoblie,1
vanguardtrailer,1
claris,1
1947130,1
pie,1
accord,1
hamm,1
20-28869,1
forf,1
intenationial,1
indian(taiwan),1
thomasschoolbus,1
serotta,1
comm,1
honda`,1
jeep*,1
uhual,1
chrisler,1
fedextruck,1
lincolnmrx,1
dongsang,1
j771,1
chrslyer,1
1800316907,1
dcxs,1
nissain,1
ran,1
yahmaha,1
va/ho,1
2004,1
kenoworth,1
kidro,1
hyumday,1
4mack,1
bulk,1
postalllv,1
austi,1
1968688,1
89054,1
peterbil,1
nisso,1
granddesign,1
daim,1
freight/li,1
19-96859,1
1800047177,1
tiazhou,1
rock,1
enter,1
toyota`,1
unknwown,1
--,1
rallye,1
kountry,1
1996,1
cheverolat,1
champ,1
chyrs,1
chrvy,1
fordexplorer,1
fordwind,1
20-8722,1
doosan,1
freightlnr,1
lwt,1
cms,1
cts,1
frra,1
indep,1
subara,1
cheverolete,1
55485,1
carry-ontrailer,1
xde40,1
murray,1
trao,1
cfs#20-5710,1
wabashnationalcorp,1
ford(evaded),1
bgtx,1
intrn'l,1
trmb,1
nniss,1
tauro,1
19-16115,1
hitachi,1
eagb,1
559494a,1
ramram,1
yaaha,1
nissasn,1
vlk,1
marathon,1
mercadez,1
b9tribec,1
silver,1
toyp,1
cadallac,1
unlnown,1
nisson,1
5206,1
cheby,1
frieghtlin,1
sturn,1
freighliner.,1
freighter,1
toyota4runner,1
taoteo,1
mapo,1
cfs#20-7893,1
revolution,1
hawke,1
nissan.,1
35vesel,1
86241,1
verme,1
ptbb,1
florida,1
kentwort,1
pontaic,1
unkownevaded,1
hyundau,1
raicoop,1
n./a,1
satrn,1
optimal,1
tra,1
wrkhs,1
freightleiner,1
19-9389,1
700newflyer,1
smrt,1
115941,1
ptbl,1
tl,1
neph,1
scott,1
wabashnationalcorp.,1
dura,1
fordtransit,1
universalmarin,1
xcelsior,1
macktruck,1
uspostalservice,1
transtechbus,1
`chevrolet,1
landoll,1
55558,1
chevor,1
india,1
sport-r,1
tao-motor,1
uspsdeliverytruck,1
lancia,1
19-63046,1
windsport,1
emers,1
volkswagin,1
silverado,1
americanlefrance,1
volt,1
suvtype,1
lincolin,1
minibike,1
chvrolet,1
goddard,1
intntl,1
19-79373,1
20-5394,1
infiity,1
?,1
flybikes,1
evadingm/v,1
lexua,1
americanlaf,1
colli,1
auudi,1
thuma,1
22823,1
aston-martin,1
hu,1
eaglevision,1
baja,1
uspsmailtruck,1
internationalharves,1
0utback,1
kend,1
mercedis,1
infininity,1
hudsonbrostra,1
infini,1
chryls,1
120022,1
19-23333,1
crancarri,1
kraftsman,1
kris,1
mitusbishi,1
chuckswagons,1
fordf550,1
holder,1
jeef,1
ldv,1
kiaforte,1
hyumd,1
dieseltransitbus,1
huyandai,1
frod,1
boat,1
gator,1
aristocrathous,1
vulca,1
f350,1
macans,1
landr,1
ndmc,1
vovl,1
llexux,1
felber,1
blackpanther,1
galante,1
saulsbury,1
newflyerdxe40sr-1850,1
cotl,1
freightlinee,1
20-517,1
grumandallied,1
kymc,1
ancheer,1
kenowrth,1
flts,1
internatinal,1
400newflyer,1
subaru(dealer),1
/ram,1
128935,1
saglight,1
grandcherokee,1
internatinoal,1
acc,1
forde350,1
20-15662,1
enterpris,1
motoguzzi,1
chevlgmt,1
lamb,1
18-92332,1
whi,1
merbz,1
hyunai,1
ghibli,1
mercedz,1
flags,1
unknonw,1
toyotaq,1
1800599248,1
hyud,1
apportioned,1
supreme,1
shiv,1
chvr,1
grummond,1
freightiner,1
radwagon,1
bren,1
hyunia,1
perebuilt,1
comforttek,1
20-29675,1
acuratlx,1
.00,1
stuntbike,1
qianjiang,1
thoms,1
kee[,1
evadingfvehicle,1
histop,1
ande,1
tc,1
checv,1
1952627,1
gem,1
fored,1
carr,1
nissanaltima,1
homes,1
newmar,1
suber,1
mitushibishi,1
subaaru,1
lynx,1
kenworthmotortruckco.,1
suburau,1
intrigue,1
vthackney,1
hhr,1
motivepowerin,1
20-34604,1
peirce,1
international4000,1
tib,1
sutpehn,1
maza,1
mitishibishi,1
19-1733,1
lynskey,1
lod,1
vitacci,1
chth,1
"audi
",1
stamfordpolice,1
d40lf,1
piercearrow,1
20-91368,1
fon,1
cehvy,1
unknnown,1
kent29,1
fourwinds,1
super,1
peterbbilt,1
subarub9,1
l.l.v,1
rogers,1
mercb,1
nissannick,1
1800407775,1
cesb,1
fer,1
niissan,1
diesel,1
ion,1
19-71072,1
merec,1
diesel/electrichybridtra,1
truk,1
ponitac,1
frhit,1
imternational,1
19-24808,1
downt,1
icintegret,1
19-3744,1
pheonix,1
apsp,1
frtliner,1
3anpp5,1
cros,1
mbz,1
porscheporche,1
rans,1
leader,1
kais,1
grumanllv,1
essex,1
ventr,1
19-74624,1
holid,1
saab9-3se,1
cheverlet,1
prtb,1
cfs#19-51005,1
ji-eeindustryco.ltd,1
grind,1
assembledvehiclenovin,1
wbtv,1
uspostalvan,1
thmc,1
brimar,1
suphen,1
cfs#19-9935,1
2000,1
ridermower,1
ningbodongfang,1
eg,1
peque,1
polini,1
feight,1
pirce,1
chrysler300,1
unknowm,1
xxx,1
gta50,1
frhgt,1
niassan,1
motorcoachind,1
b&zelectriccarco,1
cagrabe,1
2005,1
19-00447593,1
benelli,1
benel,1
bombardier,1
deisel/hybridtransitbu,1
chrevolet,1
crosstown,1
diesel/electrichybridtr,1
huzhoudaixizhenhua,1
autc,1
unknoen,1
jauguar,1
taizhouzhongn,1
audia6,1
cfs#20-51540,1
inth,1
b&bcozy-home,1
sanmen,1
freighlin,1
we/st,1
wrangler,1
subru,1
utilimaster,1
1900009801,1
21615,1
ptre,1
rhinomountainbike,1
bca,1
evadedscene,1
ar27080,1
spectec,1
reig,1
piercepumper,1
suzukki,1
greenbike,1
nisans,1
harlydavidson,1
intr,1
27.5genesisrct,1
hum,1
braun,1
fght,1
schwin,1
flyer,1
euro,1
amy,1
int.truck,1
semi,1
19-68127,1
volskwagon,1
mttracker,1
parke,1
20-34637,1
facto*,1
ford/gulf,1
chevrlot,1
chevysilverado,1
cotc,1
indiana,1
29823,1
lincl,1
tldoral,1
vovlo,1
cragotec,1
toyyota,1
eastmanufactur,1
vehicle3,1
19-72990,1
thompson,1
defy,1
sutpencorporation,1
chicagoscooter,1
sondors,1
allterrainvehicle,1
maseratti,1
landc,1
frht.,1
wasp,1
sterlingtrucks,1
1,1
19-28291,1
hondaa,1
suzukivehicle,1
taoi,1
19-103740,1
0anur4,1
cfs#18-15540,1
evadingnon-cont,1
frth,1
intern'l,1
genuinescooter,1
aandr,1
betterbuilttr,1
rvso,1
surett,1
appl,1
trum,1
orio,1
fleetaut,1
mercedes-benc,1
infniti,1
cadilillac,1
miles,1
friehgt,1
fus,1
checrolet,1
nissan2017,1
cherokee,1
chevrlet,1
vortex,1
forklift,1
inifiniti,1
frtln,1
wawasaki,1
4dr,1
"frht
",1
"internationalinds.,inc.",1
0,1
112589,1
d,1
alta49,1
harlerydavidso,1
1900033026,1
freht,1
hunadai,1
jinagsu,1
"nova60""",1
gumman,1
grtdane,1
blubrd,1
sneal,1
motan,1
es350,1
1hgcr2f86ea228552,1
cfs#19-12457,1
satrun,1
galaxy,1
u.s.postaltruck,1
ifiniti,1
ryder,1
intl4400,1
freightman,1
volkswasgen,1
engine16,1
u-haul,1
ferber,1
chrysl,1
1673432,1
jayc,1
"camsuperline,",1
loncoln,1
hintrk,1
mgb,1
?nissan,1
dieselurbantransit,1
huds,1
magna,1
gry,1
osca,1
750newflyer,1
scag,1
mitsubihi,1
tpyota,1
vovlvo,1
noncontc,1
mazds,1
gd,1
takeuchi,1
packard,1
grummind,1
fiord,1
grooman,1
14351,1
wan,1
mini-coope,1
chevorolet,1
usgovernment,1
hmst,1
motiv,1
xfiniti,1
k2,1
mitz,1
merceds,1
for.,1
quality,1
hybridtransit,1
versa,1
calkins,1
quintano,1
etnyr,1
mazdfa,1
cranecarri,1
toyota/honda,1
"rei
",1
bilja,1
tomos,1
hoonda,1
roadmaste,1
mbw,1
possiblygmc,1
servicebus,1
mitsibishi,1
subaruimpala,1
1500435725,1
strln,1
uti,1
fordeconoline,1
hytrsemi-trailer,1
toamotors,1
mobilesweep,1
uhau,1
aust,1
sion,1
citytransit,1
fdx4fs2eda3234,1
snowbeer,1
bluebirdbodyco.,1
gmmc,1
1900287673,1
rosenbauer,1
snopro,1
vesp,1
jeepwrangler,1
catipillar,1
kmepumper,1
hada,1
19-93913,1
ptbt,1
taomotor,1
pt,1
chevroet,1
spart,1
plrs,1
hunday,1
itn,1
itl,1
maxima,1
19-61982,1
frht`,1
mobilityventures,1
taioi,1
freightln,1
bigtextrailer,1
suaru,1
uknwn,1
gauntlet,1
mcflyer,1
witz,1
egil,1
ke,1
chevyr,1
auid,1
cheyy,1
toyotya,1
tr,1
uk,1
mercdes,1
onyxf,1
neufl,1
bering,1
int(tractortrailer),1
u.s.postaldel,1
landrov,1
jiaj,1
gradall,1
diesel/electric,1
chevrolett,1
inifniti,1
sutp,1
fright.,1
cadl,1
fod,1
buck,1
audu,1
cfs#19-41256,1
international7500sba6x4,1
tabara,1
trump,1
gord,1
mifv,1
chever,1
starcraft,1
talbert,1
tri,1
stearns,1
grumann,1
pec2,1
evo-eco,1
foste,1
jpeg,1
ducat,1
gdt,1
gmcsierra,1
cfs#19-4699,1
uspsdeliveryvehicle,1
americanlafranc,1
18-110085,1
horse,1
mitsubichi,1
luxus,1
cyprus,1
conway,1
prevo,1
hoda,1
peterbu,1
yoyota,1
noncontact,1
morr,1
stacr,1
spartanmotors,1
misc,1
juguar,1
yz450f,1
upnext,1
bmmw,1
km,1
emerg,1
mercedesbenzi,1
italjet,1
camsuperlineinc,1
kwcons,1
thomams,1
internationalvehicle,1
x3,1
gxr,1
ningbo,1
nlfiretruck,1
merecedes,1
shanghai,1
hondamisuse,1
19-113505,1
mecedesbenz,1
cn19-42177,1
1967257,1
vlvo,1
fford,1
vermermfg.,1
1900289023,1
toroblower,1
grummangm,1
mph,1
19-2237,1
megamoto,1
icio,1
yamahamotorcyc,1
datsu,1
flexor,1
evadingresponsibility,1
toyotla,1
truc,1
jaquar,1
hondacrv,1
huyandi,1
caseih,1
yespa,1
bike,1
jetson,1
motorco,1
newm,1
brpcan-am,1
hodnda,1
ezhauler,1
subarau,1
cust,1
off-roadvehicle,1
posche,1
sterlingtruck,1
kjia,1
motorpowerind,1
kubutabicycle,1
inernational,1
cn20-26508,1
20-80510,1
freespirit,1
"kenw
",1
cranecarry,1
hundia,1
gundman,1
rugb,1
frhtliner,1
nissanrogue,1
s1954,1
fiesta,1
"venturaboats,",1
volksawgon,1
cfwolf,1
mitshi,1
peterbuiltmotors,1
19-100779,1
tacoma,1
tbx,1
bwsmanufacturing,1
20-42771,1
infinityornissan,1
polarmfg,1
moder,1
homemade1991,1
mo,1
evade19-11768,1
wstrnstr,1
honad,1
v.w,1
uspostal,1
huynda,1
garbagetruck,1
kew,1
1914984,1
ptrb388,1
lexuss,1
buddy,1
coop,1
hydundai,1
unlisted,1
16.v,1
2043453,1
19-77980,1
wolkswagen,1
fordq,1
freightlinertrucks,1
rav4,1
chrevrolet,1
brp,1
grumin-allied,1
lndrv,1
/waba,1
1500352943,1
fiestas,1
owned,1
coach,1
dooson,1
gens,1
20-20790,1
rodgersbrotherscorp,1
bigripper,1
internatl,1
20-36284,1
peterbrilt,1
elkhart,1
lbt1,1
willy,1
youota,1
